{"appenders": [
    {
        "category": "ezeClient-appender-console",
        "type": "console",
        "layout": {
            "type": "pattern",
            "pattern": "%d{dd/MM hh:mm} %-5p %m"
        }
    },{
        "category": "ezeClient-appender",
        "type": "file",
		"absolute": true,
        "filename": "logs/ezeClient.log",
        "maxLogSize": 10240000,
        "backups": 3,
        "layout": {
            "type": "pattern",
            "pattern": "%d{dd/MM hh:mm} %-5p %m"
        }
    }
],
"replaceConsole": false }
